expression;language
Beeline Moto.;en
The name of the project is Beeline Moto.;en
It is called Beeline Moto.;en
My project is called Beeline Moto.;en
My project name is Beeline Moto.;en
Hover 2.;en
The name of the project is Hover 2.;en
It is called Hover 2.;en
My project is called Hover 2.;en
My project name is Hover 2.;en
Real Racer.;en
The name of the project is Real Racer.;en
It is called Real Racer.;en
My project is called Real Racer.;en
My project name is Real Racer.;en
The Looking Glass.;en
The name of the project is The Looking Glass.;en
It is called The Looking Glass.;en
My project is called The Looking Glass.;en
My project name is The Looking Glass.;en
The Sojourn.;en
The name of the project is The Sojourn.;en
It is called The Sojourn.;en
My project is called The Sojourn.;en
My project name is The Sojourn.;en